"Code","cause_of_death","mean_death_count"
"AFG","mean_meningitis",2622.2
"AFG","mean_alzheimer",1399.9333333333334
"AFG","mean_parkinsons",446.56666666666666
"AFG","mean_nutritional",2381.766666666667
"AFG","mean_drug_use",236.46666666666667
"AFG","mean_tuberculosis",4921.233333333334
"AGO","mean_meningitis",3696.4333333333334
"AGO","mean_alzheimer",590.1333333333333
"AGO","mean_parkinsons",149.53333333333333
"AGO","mean_nutritional",7839.366666666667
"AGO","mean_drug_use",39.666666666666664
"AGO","mean_tuberculosis",15787.866666666667
"ALB","mean_meningitis",44.1
"ALB","mean_alzheimer",551.6333333333333
"ALB","mean_parkinsons",149.7
"ALB","mean_nutritional",18.966666666666665
"ALB","mean_drug_use",21.133333333333333
"ALB","mean_tuberculosis",19.766666666666666
"AND","mean_meningitis",0
"AND","mean_alzheimer",20.466666666666665
"AND","mean_parkinsons",4.566666666666666
"AND","mean_nutritional",0
"AND","mean_drug_use",0
"AND","mean_tuberculosis",0
"ARE","mean_meningitis",36.233333333333334
"ARE","mean_alzheimer",55.1
"ARE","mean_parkinsons",39.4
"ARE","mean_nutritional",5.666666666666667
"ARE","mean_drug_use",337.6333333333333
"ARE","mean_tuberculosis",70.83333333333333
"ARG","mean_meningitis",584.9333333333333
"ARG","mean_alzheimer",8724.033333333333
"ARG","mean_parkinsons",2275.9333333333334
"ARG","mean_nutritional",1468.8666666666666
"ARG","mean_drug_use",51.166666666666664
"ARG","mean_tuberculosis",1012.9666666666667
"ARM","mean_meningitis",14.1
"ARM","mean_alzheimer",523.8
"ARM","mean_parkinsons",124.63333333333334
"ARM","mean_nutritional",27.233333333333334
"ARM","mean_drug_use",7.5
"ARM","mean_tuberculosis",127.66666666666667
"ASM","mean_meningitis",1
"ASM","mean_alzheimer",4.766666666666667
"ASM","mean_parkinsons",2.3
"ASM","mean_nutritional",2
"ASM","mean_drug_use",0
"ASM","mean_tuberculosis",1
"ATG","mean_meningitis",1.3333333333333333
"ATG","mean_alzheimer",14.266666666666667
"ATG","mean_parkinsons",3.9
"ATG","mean_nutritional",2.9
"ATG","mean_drug_use",0.2
"ATG","mean_tuberculosis",0.36666666666666664
"AUS","mean_meningitis",65.83333333333333
"AUS","mean_alzheimer",7020.833333333333
"AUS","mean_parkinsons",1602.8
"AUS","mean_nutritional",125.93333333333334
"AUS","mean_drug_use",795.5333333333333
"AUS","mean_tuberculosis",85.13333333333334
"AUT","mean_meningitis",38.4
"AUT","mean_alzheimer",3378.366666666667
"AUT","mean_parkinsons",788.8333333333334
"AUT","mean_nutritional",7.966666666666667
"AUT","mean_drug_use",161.36666666666667
"AUT","mean_tuberculosis",75.03333333333333
"AZE","mean_meningitis",142.4
"AZE","mean_alzheimer",839.6666666666666
"AZE","mean_parkinsons",238.23333333333332
"AZE","mean_nutritional",71.7
"AZE","mean_drug_use",27.766666666666666
"AZE","mean_tuberculosis",1024.6333333333334
"BDI","mean_meningitis",1531.1
"BDI","mean_alzheimer",325.5
"BDI","mean_parkinsons",89.6
"BDI","mean_nutritional",3082.0333333333333
"BDI","mean_drug_use",9.7
"BDI","mean_tuberculosis",8647.533333333333
"BEL","mean_meningitis",56.36666666666667
"BEL","mean_alzheimer",4632.866666666667
"BEL","mean_parkinsons",1000.3
"BEL","mean_nutritional",236.3
"BEL","mean_drug_use",164.7
"BEL","mean_tuberculosis",123.06666666666666
"BEN","mean_meningitis",2332.6
"BEN","mean_alzheimer",448.8
"BEN","mean_parkinsons",126.8
"BEN","mean_nutritional",1491.6
"BEN","mean_drug_use",8.7
"BEN","mean_tuberculosis",2650.3
"BFA","mean_meningitis",5865.766666666666
"BFA","mean_alzheimer",835.6666666666666
"BFA","mean_parkinsons",230.5
"BFA","mean_nutritional",4699.333333333333
"BFA","mean_drug_use",29
"BFA","mean_tuberculosis",5949
"BGD","mean_meningitis",3152.1666666666665
"BGD","mean_alzheimer",7583.233333333334
"BGD","mean_parkinsons",2517.5666666666666
"BGD","mean_nutritional",23408.933333333334
"BGD","mean_drug_use",219.43333333333334
"BGD","mean_tuberculosis",48053.8
"BGR","mean_meningitis",71.73333333333333
"BGR","mean_alzheimer",2303.0333333333333
"BGR","mean_parkinsons",822.1666666666666
"BGR","mean_nutritional",10.5
"BGR","mean_drug_use",55.46666666666667
"BGR","mean_tuberculosis",235.33333333333334
"BHR","mean_meningitis",3.7666666666666666
"BHR","mean_alzheimer",33.833333333333336
"BHR","mean_parkinsons",11.033333333333333
"BHR","mean_nutritional",3.6333333333333333
"BHR","mean_drug_use",1.9666666666666666
"BHR","mean_tuberculosis",12
"BHS","mean_meningitis",4.1
"BHS","mean_alzheimer",38.9
"BHS","mean_parkinsons",10.766666666666667
"BHS","mean_nutritional",5.666666666666667
"BHS","mean_drug_use",1.4333333333333333
"BHS","mean_tuberculosis",8.066666666666666
"BIH","mean_meningitis",15.933333333333334
"BIH","mean_alzheimer",742.4333333333333
"BIH","mean_parkinsons",251.73333333333332
"BIH","mean_nutritional",3.9
"BIH","mean_drug_use",7.3
"BIH","mean_tuberculosis",226.86666666666667
"BLR","mean_meningitis",99.63333333333334
"BLR","mean_alzheimer",2789.366666666667
"BLR","mean_parkinsons",541.9666666666667
"BLR","mean_nutritional",59.166666666666664
"BLR","mean_drug_use",277.3333333333333
"BLR","mean_tuberculosis",574.4
"BLZ","mean_meningitis",3.3666666666666667
"BLZ","mean_alzheimer",28.5
"BLZ","mean_parkinsons",6.833333333333333
"BLZ","mean_nutritional",13.1
"BLZ","mean_drug_use",0.7
"BLZ","mean_tuberculosis",13.9
"BMU","mean_meningitis",0.3333333333333333
"BMU","mean_alzheimer",18.733333333333334
"BMU","mean_parkinsons",5.666666666666667
"BMU","mean_nutritional",0.2
"BMU","mean_drug_use",1.1
"BMU","mean_tuberculosis",0
"BOL","mean_meningitis",282.5
"BOL","mean_alzheimer",830.7333333333333
"BOL","mean_parkinsons",328.4
"BOL","mean_nutritional",1313.2
"BOL","mean_drug_use",36.4
"BOL","mean_tuberculosis",2669.1
"BRA","mean_meningitis",4556.966666666666
"BRA","mean_alzheimer",30831.4
"BRA","mean_parkinsons",5710.8
"BRA","mean_nutritional",11120.866666666667
"BRA","mean_drug_use",523.1666666666666
"BRA","mean_tuberculosis",7441.966666666666
"BRB","mean_meningitis",4.466666666666667
"BRB","mean_alzheimer",79.5
"BRB","mean_parkinsons",19.9
"BRB","mean_nutritional",8.5
"BRB","mean_drug_use",0.8
"BRB","mean_tuberculosis",2.3333333333333335
"BRN","mean_meningitis",1.9
"BRN","mean_alzheimer",13.366666666666667
"BRN","mean_parkinsons",7.266666666666667
"BRN","mean_nutritional",1
"BRN","mean_drug_use",2.7666666666666666
"BRN","mean_tuberculosis",18.666666666666668
"BTN","mean_meningitis",52.166666666666664
"BTN","mean_alzheimer",43.96666666666667
"BTN","mean_parkinsons",15.033333333333333
"BTN","mean_nutritional",28.9
"BTN","mean_drug_use",1.3
"BTN","mean_tuberculosis",187.7
"BWA","mean_meningitis",127.83333333333333
"BWA","mean_alzheimer",96.23333333333333
"BWA","mean_parkinsons",26.9
"BWA","mean_nutritional",179.8
"BWA","mean_drug_use",5.766666666666667
"BWA","mean_tuberculosis",984.9333333333333
"CAF","mean_meningitis",1046.9666666666667
"CAF","mean_alzheimer",117.76666666666667
"CAF","mean_parkinsons",41.166666666666664
"CAF","mean_nutritional",1299.9666666666667
"CAF","mean_drug_use",9.3
"CAF","mean_tuberculosis",7538.833333333333
"CAN","mean_meningitis",102.93333333333334
"CAN","mean_alzheimer",10577.333333333334
"CAN","mean_parkinsons",2748.0333333333333
"CAN","mean_nutritional",299.8666666666667
"CAN","mean_drug_use",1241.7
"CAN","mean_tuberculosis",155.86666666666667
"CHE","mean_meningitis",54.63333333333333
"CHE","mean_alzheimer",3670.1666666666665
"CHE","mean_parkinsons",730.6333333333333
"CHE","mean_nutritional",72.7
"CHE","mean_drug_use",253.36666666666667
"CHE","mean_tuberculosis",59.7
"CHL","mean_meningitis",171.3
"CHL","mean_alzheimer",2784.266666666667
"CHL","mean_parkinsons",815.0666666666667
"CHL","mean_nutritional",454.06666666666666
"CHL","mean_drug_use",36.8
"CHL","mean_tuberculosis",608.9333333333333
"CHN","mean_meningitis",16029.966666666667
"CHN","mean_alzheimer",179394.86666666667
"CHN","mean_parkinsons",51103.066666666666
"CHN","mean_nutritional",19474.533333333333
"CHN","mean_drug_use",20897.133333333335
"CHN","mean_tuberculosis",90282.03333333334
"CIV","mean_meningitis",3412.5666666666666
"CIV","mean_alzheimer",692.2666666666667
"CIV","mean_parkinsons",246.66666666666666
"CIV","mean_nutritional",1450.4
"CIV","mean_drug_use",27.933333333333334
"CIV","mean_tuberculosis",7798.366666666667
"CMR","mean_meningitis",3205.366666666667
"CMR","mean_alzheimer",891.5666666666667
"CMR","mean_parkinsons",309.73333333333335
"CMR","mean_nutritional",1412.2666666666667
"CMR","mean_drug_use",42.666666666666664
"CMR","mean_tuberculosis",6766.333333333333
"COD","mean_meningitis",9926.1
"COD","mean_alzheimer",2593
"COD","mean_parkinsons",594.0666666666667
"COD","mean_nutritional",14318.466666666667
"COD","mean_drug_use",114.83333333333333
"COD","mean_tuberculosis",52120.666666666664
"COG","mean_meningitis",385.56666666666666
"COG","mean_alzheimer",181.5
"COG","mean_parkinsons",54.1
"COG","mean_nutritional",399
"COG","mean_drug_use",14.966666666666667
"COG","mean_tuberculosis",2323.8333333333335
"COK","mean_meningitis",0
"COK","mean_alzheimer",2.8333333333333335
"COK","mean_parkinsons",1.1333333333333333
"COK","mean_nutritional",0
"COK","mean_drug_use",0
"COK","mean_tuberculosis",0.1
"COL","mean_meningitis",728.8333333333334
"COL","mean_alzheimer",6871.166666666667
"COL","mean_parkinsons",1120.9333333333334
"COL","mean_nutritional",1651
"COL","mean_drug_use",96.3
"COL","mean_tuberculosis",1156.3666666666666
"COM","mean_meningitis",88.4
"COM","mean_alzheimer",52.53333333333333
"COM","mean_parkinsons",12.033333333333333
"COM","mean_nutritional",118.5
"COM","mean_drug_use",1.1666666666666667
"COM","mean_tuberculosis",365.56666666666666
"CPV","mean_meningitis",28.833333333333332
"CPV","mean_alzheimer",74.83333333333333
"CPV","mean_parkinsons",13.933333333333334
"CPV","mean_nutritional",25.8
"CPV","mean_drug_use",0.6333333333333333
"CPV","mean_tuberculosis",82.83333333333333
"CRI","mean_meningitis",41.96666666666667
"CRI","mean_alzheimer",727.2666666666667
"CRI","mean_parkinsons",128.03333333333333
"CRI","mean_nutritional",21.633333333333333
"CRI","mean_drug_use",14.566666666666666
"CRI","mean_tuberculosis",69.5
"CUB","mean_meningitis",186.2
"CUB","mean_alzheimer",3023.9666666666667
"CUB","mean_parkinsons",612.7
"CUB","mean_nutritional",67.86666666666666
"CUB","mean_drug_use",18.133333333333333
"CUB","mean_tuberculosis",60.3
"CYP","mean_meningitis",4.366666666666666
"CYP","mean_alzheimer",184.43333333333334
"CYP","mean_parkinsons",70.23333333333333
"CYP","mean_nutritional",5.166666666666667
"CYP","mean_drug_use",11.766666666666667
"CYP","mean_tuberculosis",6.066666666666666
"CZE","mean_meningitis",61.06666666666667
"CZE","mean_alzheimer",3459.733333333333
"CZE","mean_parkinsons",740.0333333333333
"CZE","mean_nutritional",51.766666666666666
"CZE","mean_drug_use",81.16666666666667
"CZE","mean_tuberculosis",91.96666666666667
"DEU","mean_meningitis",336.2
"DEU","mean_alzheimer",37165.9
"DEU","mean_parkinsons",8824.233333333334
"DEU","mean_nutritional",387.56666666666666
"DEU","mean_drug_use",1435.7333333333333
"DEU","mean_tuberculosis",812.7666666666667
"DJI","mean_meningitis",118.73333333333333
"DJI","mean_alzheimer",27.433333333333334
"DJI","mean_parkinsons",7.266666666666667
"DJI","mean_nutritional",341.53333333333336
"DJI","mean_drug_use",1.3666666666666667
"DJI","mean_tuberculosis",420.26666666666665
"DMA","mean_meningitis",1.3
"DMA","mean_alzheimer",19.533333333333335
"DMA","mean_parkinsons",5.2
"DMA","mean_nutritional",2.933333333333333
"DMA","mean_drug_use",0.3
"DMA","mean_tuberculosis",3.9
"DNK","mean_meningitis",58.2
"DNK","mean_alzheimer",2188.0666666666666
"DNK","mean_parkinsons",437.3333333333333
"DNK","mean_nutritional",98.1
"DNK","mean_drug_use",197.86666666666667
"DNK","mean_tuberculosis",42.63333333333333
"DOM","mean_meningitis",364.1
"DOM","mean_alzheimer",1149.2
"DOM","mean_parkinsons",266.9
"DOM","mean_nutritional",570
"DOM","mean_drug_use",22.233333333333334
"DOM","mean_tuberculosis",780.5666666666667
"DZA","mean_meningitis",522.8333333333334
"DZA","mean_alzheimer",2897.133333333333
"DZA","mean_parkinsons",764.7666666666667
"DZA","mean_nutritional",237.93333333333334
"DZA","mean_drug_use",353.73333333333335
"DZA","mean_tuberculosis",602.9666666666667
"ECU","mean_meningitis",202.33333333333334
"ECU","mean_alzheimer",1650
"ECU","mean_parkinsons",434.9
"ECU","mean_nutritional",971.1333333333333
"ECU","mean_drug_use",42.6
"ECU","mean_tuberculosis",1230.3333333333333
"EGY","mean_meningitis",1303.3666666666666
"EGY","mean_alzheimer",4892.833333333333
"EGY","mean_parkinsons",1640.2333333333333
"EGY","mean_nutritional",1023.6333333333333
"EGY","mean_drug_use",45.53333333333333
"EGY","mean_tuberculosis",1191.9666666666667
"ERI","mean_meningitis",843.7
"ERI","mean_alzheimer",127.3
"ERI","mean_parkinsons",40.06666666666667
"ERI","mean_nutritional",2058.1666666666665
"ERI","mean_drug_use",8.7
"ERI","mean_tuberculosis",4702.7
"ESP","mean_meningitis",251.13333333333333
"ESP","mean_alzheimer",21955.066666666666
"ESP","mean_parkinsons",4426.633333333333
"ESP","mean_nutritional",332.3333333333333
"ESP","mean_drug_use",787.2666666666667
"ESP","mean_tuberculosis",628.3333333333334
"EST","mean_meningitis",13.333333333333334
"EST","mean_alzheimer",474.96666666666664
"EST","mean_parkinsons",99.66666666666667
"EST","mean_nutritional",5.366666666666666
"EST","mean_drug_use",74.86666666666666
"EST","mean_tuberculosis",73.9
"ETH","mean_meningitis",20175.2
"ETH","mean_alzheimer",3393.7
"ETH","mean_parkinsons",810.1333333333333
"ETH","mean_nutritional",27438.933333333334
"ETH","mean_drug_use",145.43333333333334
"ETH","mean_tuberculosis",57969.96666666667
"FIN","mean_meningitis",26.2
"FIN","mean_alzheimer",2154.6666666666665
"FIN","mean_parkinsons",493.1666666666667
"FIN","mean_nutritional",9.466666666666667
"FIN","mean_drug_use",236.23333333333332
"FIN","mean_tuberculosis",93.86666666666666
"FJI","mean_meningitis",20.7
"FJI","mean_alzheimer",48.56666666666667
"FJI","mean_parkinsons",30.766666666666666
"FJI","mean_nutritional",20.1
"FJI","mean_drug_use",2.4
"FJI","mean_tuberculosis",44.733333333333334
"FRA","mean_meningitis",299.1666666666667
"FRA","mean_alzheimer",29431.8
"FRA","mean_parkinsons",6006.566666666667
"FRA","mean_nutritional",3460.3333333333335
"FRA","mean_drug_use",1139.3333333333333
"FRA","mean_tuberculosis",1650.1666666666667
"FSM","mean_meningitis",2.966666666666667
"FSM","mean_alzheimer",6.6
"FSM","mean_parkinsons",4.233333333333333
"FSM","mean_nutritional",4.266666666666667
"FSM","mean_drug_use",1
"FSM","mean_tuberculosis",16.666666666666668
"GAB","mean_meningitis",118.16666666666667
"GAB","mean_alzheimer",119.26666666666667
"GAB","mean_parkinsons",33.2
"GAB","mean_nutritional",101.8
"GAB","mean_drug_use",6.533333333333333
"GAB","mean_tuberculosis",638.1666666666666
"GBR","mean_meningitis",386.3
"GBR","mean_alzheimer",25338.766666666666
"GBR","mean_parkinsons",5963.733333333334
"GBR","mean_nutritional",166.8
"GBR","mean_drug_use",2015.2
"GBR","mean_tuberculosis",503.1
"GEO","mean_meningitis",43.43333333333333
"GEO","mean_alzheimer",1342.2333333333333
"GEO","mean_parkinsons",281.76666666666665
"GEO","mean_nutritional",8.133333333333333
"GEO","mean_drug_use",19.4
"GEO","mean_tuberculosis",309.73333333333335
"GHA","mean_meningitis",4275.333333333333
"GHA","mean_alzheimer",1164.9666666666667
"GHA","mean_parkinsons",304.53333333333336
"GHA","mean_nutritional",3346.4333333333334
"GHA","mean_drug_use",33.3
"GHA","mean_tuberculosis",10650.133333333333
"GIN","mean_meningitis",3370.8333333333335
"GIN","mean_alzheimer",733.6666666666666
"GIN","mean_parkinsons",220.43333333333334
"GIN","mean_nutritional",2846.0333333333333
"GIN","mean_drug_use",10.4
"GIN","mean_tuberculosis",4754.5
"GMB","mean_meningitis",264.9
"GMB","mean_alzheimer",87.73333333333333
"GMB","mean_parkinsons",27.066666666666666
"GMB","mean_nutritional",192.8
"GMB","mean_drug_use",1.7666666666666666
"GMB","mean_tuberculosis",601.2
"GNB","mean_meningitis",465.2
"GNB","mean_alzheimer",57
"GNB","mean_parkinsons",20.366666666666667
"GNB","mean_nutritional",276.7
"GNB","mean_drug_use",2.433333333333333
"GNB","mean_tuberculosis",862.2
"GNQ","mean_meningitis",88.03333333333333
"GNQ","mean_alzheimer",35.96666666666667
"GNQ","mean_parkinsons",9.066666666666666
"GNQ","mean_nutritional",102.16666666666667
"GNQ","mean_drug_use",1.9
"GNQ","mean_tuberculosis",395.26666666666665
"GRC","mean_meningitis",43.03333333333333
"GRC","mean_alzheimer",4116.766666666666
"GRC","mean_parkinsons",1046.8
"GRC","mean_nutritional",10.2
"GRC","mean_drug_use",238.66666666666666
"GRC","mean_tuberculosis",152.9
"GRD","mean_meningitis",1.3
"GRD","mean_alzheimer",15.933333333333334
"GRD","mean_parkinsons",3.933333333333333
"GRD","mean_nutritional",3.2666666666666666
"GRD","mean_drug_use",0.8333333333333334
"GRD","mean_tuberculosis",1.0333333333333334
"GRL","mean_meningitis",1.6666666666666667
"GRL","mean_alzheimer",5.1
"GRL","mean_parkinsons",2.566666666666667
"GRL","mean_nutritional",0.43333333333333335
"GRL","mean_drug_use",1.5666666666666667
"GRL","mean_tuberculosis",4.066666666666666
"GTM","mean_meningitis",298.8666666666667
"GTM","mean_alzheimer",942.0333333333333
"GTM","mean_parkinsons",229.13333333333333
"GTM","mean_nutritional",3253.5
"GTM","mean_drug_use",100.33333333333333
"GTM","mean_tuberculosis",819.3
"GUM","mean_meningitis",1.5333333333333334
"GUM","mean_alzheimer",19.566666666666666
"GUM","mean_parkinsons",6.4
"GUM","mean_nutritional",2.433333333333333
"GUM","mean_drug_use",0.9666666666666667
"GUM","mean_tuberculosis",3.7666666666666666
"GUY","mean_meningitis",11.766666666666667
"GUY","mean_alzheimer",57.666666666666664
"GUY","mean_parkinsons",19
"GUY","mean_nutritional",77.2
"GUY","mean_drug_use",1.2
"GUY","mean_tuberculosis",85.2
"HND","mean_meningitis",148.5
"HND","mean_alzheimer",651.1333333333333
"HND","mean_parkinsons",216.13333333333333
"HND","mean_nutritional",257.8333333333333
"HND","mean_drug_use",57.36666666666667
"HND","mean_tuberculosis",513.1
"HRV","mean_meningitis",26.733333333333334
"HRV","mean_alzheimer",1444.6
"HRV","mean_parkinsons",375.26666666666665
"HRV","mean_nutritional",3.033333333333333
"HRV","mean_drug_use",63.8
"HRV","mean_tuberculosis",161.43333333333334
"HTI","mean_meningitis",1363
"HTI","mean_alzheimer",492.9
"HTI","mean_parkinsons",193.1
"HTI","mean_nutritional",1413.8
"HTI","mean_drug_use",23.866666666666667
"HTI","mean_tuberculosis",1524.9666666666667
"HUN","mean_meningitis",95.46666666666667
"HUN","mean_alzheimer",3414.3
"HUN","mean_parkinsons",738.0666666666667
"HUN","mean_nutritional",26.566666666666666
"HUN","mean_drug_use",44.63333333333333
"HUN","mean_tuberculosis",231.56666666666666
"IDN","mean_meningitis",11257.466666666667
"IDN","mean_alzheimer",16252.2
"IDN","mean_parkinsons",4858.4
"IDN","mean_nutritional",20148.9
"IDN","mean_drug_use",432.6666666666667
"IDN","mean_tuberculosis",106567.03333333334
"IND","mean_meningitis",66964.8
"IND","mean_alzheimer",56918.7
"IND","mean_parkinsons",25227.733333333334
"IND","mean_nutritional",109685.63333333333
"IND","mean_drug_use",5630.933333333333
"IND","mean_tuberculosis",527364.0666666667
"IRL","mean_meningitis",20.733333333333334
"IRL","mean_alzheimer",1076.6
"IRL","mean_parkinsons",270.3333333333333
"IRL","mean_nutritional",13.2
"IRL","mean_drug_use",132.6
"IRL","mean_tuberculosis",43.333333333333336
"IRN","mean_meningitis",1027.3333333333333
"IRN","mean_alzheimer",7091.5
"IRN","mean_parkinsons",1618.3
"IRN","mean_nutritional",466.1666666666667
"IRN","mean_drug_use",2539.0333333333333
"IRN","mean_tuberculosis",988.6
"IRQ","mean_meningitis",986.8
"IRQ","mean_alzheimer",2100.4666666666667
"IRQ","mean_parkinsons",482.8
"IRQ","mean_nutritional",353.26666666666665
"IRQ","mean_drug_use",385.53333333333336
"IRQ","mean_tuberculosis",1425.8333333333333
"ISL","mean_meningitis",1.8333333333333333
"ISL","mean_alzheimer",97.5
"ISL","mean_parkinsons",26.133333333333333
"ISL","mean_nutritional",1.2666666666666666
"ISL","mean_drug_use",8.833333333333334
"ISL","mean_tuberculosis",2.3
"ISR","mean_meningitis",34.833333333333336
"ISR","mean_alzheimer",1615.0666666666666
"ISR","mean_parkinsons",409.73333333333335
"ISR","mean_nutritional",33
"ISR","mean_drug_use",54.666666666666664
"ISR","mean_tuberculosis",47.43333333333333
"ITA","mean_meningitis",219.46666666666667
"ITA","mean_alzheimer",30994.233333333334
"ITA","mean_parkinsons",5968.866666666667
"ITA","mean_nutritional",438.23333333333335
"ITA","mean_drug_use",734.4
"ITA","mean_tuberculosis",585.7333333333333
"JAM","mean_meningitis",35.43333333333333
"JAM","mean_alzheimer",592.5333333333333
"JAM","mean_parkinsons",114.03333333333333
"JAM","mean_nutritional",95.7
"JAM","mean_drug_use",4.433333333333334
"JAM","mean_tuberculosis",15.4
"JOR","mean_meningitis",66.06666666666666
"JOR","mean_alzheimer",337.03333333333336
"JOR","mean_parkinsons",87.63333333333334
"JOR","mean_nutritional",14.3
"JOR","mean_drug_use",8.4
"JOR","mean_tuberculosis",34.8
"JPN","mean_meningitis",477.6666666666667
"JPN","mean_alzheimer",87963.6
"JPN","mean_parkinsons",10277.566666666668
"JPN","mean_nutritional",1270.0333333333333
"JPN","mean_drug_use",408.46666666666664
"JPN","mean_tuberculosis",4525.233333333334
"KAZ","mean_meningitis",297.3
"KAZ","mean_alzheimer",1857.6333333333334
"KAZ","mean_parkinsons",540.2
"KAZ","mean_nutritional",110.73333333333333
"KAZ","mean_drug_use",514.7333333333333
"KAZ","mean_tuberculosis",2852.3333333333335
"KEN","mean_meningitis",4668.766666666666
"KEN","mean_alzheimer",1714.1666666666667
"KEN","mean_parkinsons",373.5
"KEN","mean_nutritional",5773.366666666667
"KEN","mean_drug_use",49.86666666666667
"KEN","mean_tuberculosis",15069
"KGZ","mean_meningitis",108.3
"KGZ","mean_alzheimer",647.8
"KGZ","mean_parkinsons",117.36666666666666
"KGZ","mean_nutritional",18.8
"KGZ","mean_drug_use",71.76666666666667
"KGZ","mean_tuberculosis",639.7333333333333
"KHM","mean_meningitis",537.9333333333333
"KHM","mean_alzheimer",991
"KHM","mean_parkinsons",248.9
"KHM","mean_nutritional",1678.2666666666667
"KHM","mean_drug_use",26.7
"KHM","mean_tuberculosis",8613.433333333332
"KIR","mean_meningitis",15.166666666666666
"KIR","mean_alzheimer",5.533333333333333
"KIR","mean_parkinsons",3.8666666666666667
"KIR","mean_nutritional",19.2
"KIR","mean_drug_use",1
"KIR","mean_tuberculosis",69.56666666666666
"KNA","mean_meningitis",1.1333333333333333
"KNA","mean_alzheimer",7.4
"KNA","mean_parkinsons",2.8666666666666667
"KNA","mean_nutritional",4.666666666666667
"KNA","mean_drug_use",0
"KNA","mean_tuberculosis",1.4
"KOR","mean_meningitis",194.8
"KOR","mean_alzheimer",9062.033333333333
"KOR","mean_parkinsons",1837.8
"KOR","mean_nutritional",330.6333333333333
"KOR","mean_drug_use",134.7
"KOR","mean_tuberculosis",4197.833333333333
"KWT","mean_meningitis",9.833333333333334
"KWT","mean_alzheimer",204.36666666666667
"KWT","mean_parkinsons",32.2
"KWT","mean_nutritional",0.7666666666666667
"KWT","mean_drug_use",11.733333333333333
"KWT","mean_tuberculosis",30.3
"LAO","mean_meningitis",460.4
"LAO","mean_alzheimer",333
"LAO","mean_parkinsons",103.1
"LAO","mean_nutritional",577.5333333333333
"LAO","mean_drug_use",12.966666666666667
"LAO","mean_tuberculosis",3691.633333333333
"LBN","mean_meningitis",42.46666666666667
"LBN","mean_alzheimer",728.0666666666667
"LBN","mean_parkinsons",145.63333333333333
"LBN","mean_nutritional",13.4
"LBN","mean_drug_use",62
"LBN","mean_tuberculosis",57
"LBR","mean_meningitis",790.2666666666667
"LBR","mean_alzheimer",212.8
"LBR","mean_parkinsons",59.86666666666667
"LBR","mean_nutritional",759.3666666666667
"LBR","mean_drug_use",4
"LBR","mean_tuberculosis",1320.8
"LBY","mean_meningitis",56.333333333333336
"LBY","mean_alzheimer",674.5
"LBY","mean_parkinsons",116.56666666666666
"LBY","mean_nutritional",16.566666666666666
"LBY","mean_drug_use",103.53333333333333
"LBY","mean_tuberculosis",70
"LCA","mean_meningitis",2.5
"LCA","mean_alzheimer",24.366666666666667
"LCA","mean_parkinsons",7.333333333333333
"LCA","mean_nutritional",6.066666666666666
"LCA","mean_drug_use",0.7333333333333333
"LCA","mean_tuberculosis",5.3
"LKA","mean_meningitis",392.76666666666665
"LKA","mean_alzheimer",2503.1666666666665
"LKA","mean_parkinsons",561.4666666666667
"LKA","mean_nutritional",247.6
"LKA","mean_drug_use",136.36666666666667
"LKA","mean_tuberculosis",1384.6
"LSO","mean_meningitis",186.23333333333332
"LSO","mean_alzheimer",134.3
"LSO","mean_parkinsons",31.666666666666668
"LSO","mean_nutritional",241.83333333333334
"LSO","mean_drug_use",4.966666666666667
"LSO","mean_tuberculosis",2448.4333333333334
"LTU","mean_meningitis",34.733333333333334
"LTU","mean_alzheimer",1094.2
"LTU","mean_parkinsons",209.03333333333333
"LTU","mean_nutritional",6.333333333333333
"LTU","mean_drug_use",93.43333333333334
"LTU","mean_tuberculosis",305.53333333333336
"LUX","mean_meningitis",1.6
"LUX","mean_alzheimer",152.13333333333333
"LUX","mean_parkinsons",42.1
"LUX","mean_nutritional",5.266666666666667
"LUX","mean_drug_use",14.6
"LUX","mean_tuberculosis",2.6333333333333333
"LVA","mean_meningitis",24.266666666666666
"LVA","mean_alzheimer",770.4
"LVA","mean_parkinsons",170.56666666666666
"LVA","mean_nutritional",10.1
"LVA","mean_drug_use",55.233333333333334
"LVA","mean_tuberculosis",138.66666666666666
"MAR","mean_meningitis",972.3333333333334
"MAR","mean_alzheimer",3407.7
"MAR","mean_parkinsons",827.2
"MAR","mean_nutritional",324.3
"MAR","mean_drug_use",257.26666666666665
"MAR","mean_tuberculosis",5607.733333333334
"MCO","mean_meningitis",0
"MCO","mean_alzheimer",24.1
"MCO","mean_parkinsons",5.733333333333333
"MCO","mean_nutritional",0
"MCO","mean_drug_use",0
"MCO","mean_tuberculosis",1.2666666666666666
"MDA","mean_meningitis",52.36666666666667
"MDA","mean_alzheimer",836.6666666666666
"MDA","mean_parkinsons",162.03333333333333
"MDA","mean_nutritional",5.7
"MDA","mean_drug_use",33.166666666666664
"MDA","mean_tuberculosis",366.1
"MDG","mean_meningitis",2721.8333333333335
"MDG","mean_alzheimer",619.7666666666667
"MDG","mean_parkinsons",153.73333333333332
"MDG","mean_nutritional",8671.933333333332
"MDG","mean_drug_use",28.3
"MDG","mean_tuberculosis",11471.2
"MDV","mean_meningitis",2.8
"MDV","mean_alzheimer",21.366666666666667
"MDV","mean_parkinsons",6
"MDV","mean_nutritional",10.033333333333333
"MDV","mean_drug_use",0.9
"MDV","mean_tuberculosis",25.533333333333335
"MEX","mean_meningitis",831.8666666666667
"MEX","mean_alzheimer",13436.9
"MEX","mean_parkinsons",2901.3333333333335
"MEX","mean_nutritional",8991.033333333333
"MEX","mean_drug_use",442.76666666666665
"MEX","mean_tuberculosis",3792.3
"MHL","mean_meningitis",1.6333333333333333
"MHL","mean_alzheimer",2.2333333333333334
"MHL","mean_parkinsons",1.6333333333333333
"MHL","mean_nutritional",2.033333333333333
"MHL","mean_drug_use",0
"MHL","mean_tuberculosis",8.8
"MKD","mean_meningitis",12.9
"MKD","mean_alzheimer",305.2
"MKD","mean_parkinsons",129.56666666666666
"MKD","mean_nutritional",1.2333333333333334
"MKD","mean_drug_use",9.4
"MKD","mean_tuberculosis",84.03333333333333
"MLI","mean_meningitis",6323.566666666667
"MLI","mean_alzheimer",796.4333333333333
"MLI","mean_parkinsons",216.5
"MLI","mean_nutritional",10151.466666666667
"MLI","mean_drug_use",10.633333333333333
"MLI","mean_tuberculosis",5818.2
"MLT","mean_meningitis",2.566666666666667
"MLT","mean_alzheimer",129.56666666666666
"MLT","mean_parkinsons",34.766666666666666
"MLT","mean_nutritional",1
"MLT","mean_drug_use",5.7
"MLT","mean_tuberculosis",1.4333333333333333
"MMR","mean_meningitis",4644.933333333333
"MMR","mean_alzheimer",4286.7
"MMR","mean_parkinsons",1168.1666666666667
"MMR","mean_nutritional",3130
"MMR","mean_drug_use",175.46666666666667
"MMR","mean_tuberculosis",28882.833333333332
"MNE","mean_meningitis",2.1333333333333333
"MNE","mean_alzheimer",147.4
"MNE","mean_parkinsons",41
"MNE","mean_nutritional",1
"MNE","mean_drug_use",1.0666666666666667
"MNE","mean_tuberculosis",6.266666666666667
"MNG","mean_meningitis",144.53333333333333
"MNG","mean_alzheimer",150.13333333333333
"MNG","mean_parkinsons",41.53333333333333
"MNG","mean_nutritional",23.033333333333335
"MNG","mean_drug_use",12.866666666666667
"MNG","mean_tuberculosis",487.2
"MNP","mean_meningitis",0
"MNP","mean_alzheimer",3
"MNP","mean_parkinsons",1.5
"MNP","mean_nutritional",1
"MNP","mean_drug_use",0
"MNP","mean_tuberculosis",1.4666666666666666
"MOZ","mean_meningitis",4025.733333333333
"MOZ","mean_alzheimer",1065.7
"MOZ","mean_parkinsons",232.53333333333333
"MOZ","mean_nutritional",6521.666666666667
"MOZ","mean_drug_use",60.13333333333333
"MOZ","mean_tuberculosis",20088.4
"MRT","mean_meningitis",354.73333333333335
"MRT","mean_alzheimer",227.66666666666666
"MRT","mean_parkinsons",59.666666666666664
"MRT","mean_nutritional",457.3
"MRT","mean_drug_use",3.5
"MRT","mean_tuberculosis",678.2
"MUS","mean_meningitis",10.8
"MUS","mean_alzheimer",194.6
"MUS","mean_parkinsons",40.7
"MUS","mean_nutritional",12.766666666666667
"MUS","mean_drug_use",8.466666666666667
"MUS","mean_tuberculosis",15.466666666666667
"MWI","mean_meningitis",3581.1
"MWI","mean_alzheimer",638.5333333333333
"MWI","mean_parkinsons",150.5
"MWI","mean_nutritional",3776.8
"MWI","mean_drug_use",23.866666666666667
"MWI","mean_tuberculosis",9144.5
"MYS","mean_meningitis",340.1333333333333
"MYS","mean_alzheimer",2153.9333333333334
"MYS","mean_parkinsons",542.4666666666667
"MYS","mean_nutritional",185.43333333333334
"MYS","mean_drug_use",79.76666666666667
"MYS","mean_tuberculosis",2159.3
"NAM","mean_meningitis",132.63333333333333
"NAM","mean_alzheimer",149.53333333333333
"NAM","mean_parkinsons",38.3
"NAM","mean_nutritional",246.93333333333334
"NAM","mean_drug_use",4.666666666666667
"NAM","mean_tuberculosis",1115.8
"NER","mean_meningitis",10493.966666666667
"NER","mean_alzheimer",489.8333333333333
"NER","mean_parkinsons",135.5
"NER","mean_nutritional",4132.733333333334
"NER","mean_drug_use",8.066666666666666
"NER","mean_tuberculosis",5769.266666666666
"NGA","mean_meningitis",50679.2
"NGA","mean_alzheimer",8057.1
"NGA","mean_parkinsons",2218.1666666666665
"NGA","mean_nutritional",9561.933333333332
"NGA","mean_drug_use",163.23333333333332
"NGA","mean_tuberculosis",58979.666666666664
"NIC","mean_meningitis",141.26666666666668
"NIC","mean_alzheimer",454.53333333333336
"NIC","mean_parkinsons",136.03333333333333
"NIC","mean_nutritional",296.8333333333333
"NIC","mean_drug_use",8.5
"NIC","mean_tuberculosis",236.1
"NIU","mean_meningitis",0
"NIU","mean_alzheimer",0.4
"NIU","mean_parkinsons",0
"NIU","mean_nutritional",0
"NIU","mean_drug_use",0
"NIU","mean_tuberculosis",0
"NLD","mean_meningitis",124.4
"NLD","mean_alzheimer",6369.833333333333
"NLD","mean_parkinsons",1413.9666666666667
"NLD","mean_nutritional",202.46666666666667
"NLD","mean_drug_use",122.16666666666667
"NLD","mean_tuberculosis",144.76666666666668
"NOR","mean_meningitis",29.266666666666666
"NOR","mean_alzheimer",2176.133333333333
"NOR","mean_parkinsons",394.23333333333335
"NOR","mean_nutritional",46.733333333333334
"NOR","mean_drug_use",252.26666666666668
"NOR","mean_tuberculosis",57.93333333333333
"NPL","mean_meningitis",1246.3666666666666
"NPL","mean_alzheimer",1380.1666666666667
"NPL","mean_parkinsons",458.06666666666666
"NPL","mean_nutritional",3607.366666666667
"NPL","mean_drug_use",21.933333333333334
"NPL","mean_tuberculosis",10046.866666666667
"NRU","mean_meningitis",0.6333333333333333
"NRU","mean_alzheimer",0
"NRU","mean_parkinsons",0
"NRU","mean_nutritional",0.7333333333333333
"NRU","mean_drug_use",0
"NRU","mean_tuberculosis",1
"NZL","mean_meningitis",22.733333333333334
"NZL","mean_alzheimer",1364.6666666666667
"NZL","mean_parkinsons",274.53333333333336
"NZL","mean_nutritional",11.866666666666667
"NZL","mean_drug_use",47.03333333333333
"NZL","mean_tuberculosis",22.6
"OMN","mean_meningitis",18.733333333333334
"OMN","mean_alzheimer",122.33333333333333
"OMN","mean_parkinsons",43.233333333333334
"OMN","mean_nutritional",52.4
"OMN","mean_drug_use",9.033333333333333
"OMN","mean_tuberculosis",27.366666666666667
"PAK","mean_meningitis",25095.666666666668
"PAK","mean_alzheimer",8136.966666666666
"PAK","mean_parkinsons",3090.5
"PAK","mean_nutritional",15097.666666666666
"PAK","mean_drug_use",594.3
"PAK","mean_tuberculosis",76990.1
"PAN","mean_meningitis",52.13333333333333
"PAN","mean_alzheimer",621.1333333333333
"PAN","mean_parkinsons",112.1
"PAN","mean_nutritional",152.1
"PAN","mean_drug_use",10.666666666666666
"PAN","mean_tuberculosis",206.26666666666668
"PER","mean_meningitis",306.8333333333333
"PER","mean_alzheimer",3968.1
"PER","mean_parkinsons",919.5
"PER","mean_nutritional",2028.5
"PER","mean_drug_use",134.46666666666667
"PER","mean_tuberculosis",3966.5
"PHL","mean_meningitis",3189.8333333333335
"PHL","mean_alzheimer",6688.2
"PHL","mean_parkinsons",1533.0333333333333
"PHL","mean_nutritional",4160.733333333334
"PHL","mean_drug_use",224.06666666666666
"PHL","mean_tuberculosis",28793.2
"PLW","mean_meningitis",0
"PLW","mean_alzheimer",1.5
"PLW","mean_parkinsons",1
"PLW","mean_nutritional",0
"PLW","mean_drug_use",0
"PLW","mean_tuberculosis",1
"PNG","mean_meningitis",702.7
"PNG","mean_alzheimer",266.3
"PNG","mean_parkinsons",132.63333333333333
"PNG","mean_nutritional",209.46666666666667
"PNG","mean_drug_use",14.5
"PNG","mean_tuberculosis",1390.2
"POL","mean_meningitis",242.53333333333333
"POL","mean_alzheimer",12041.6
"POL","mean_parkinsons",2536.8333333333335
"POL","mean_nutritional",99.46666666666667
"POL","mean_drug_use",211.23333333333332
"POL","mean_tuberculosis",1106.3333333333333
"PRI","mean_meningitis",19.766666666666666
"PRI","mean_alzheimer",1278.2
"PRI","mean_parkinsons",243.93333333333334
"PRI","mean_nutritional",84.96666666666667
"PRI","mean_drug_use",153.33333333333334
"PRI","mean_tuberculosis",41.1
"PRK","mean_meningitis",475
"PRK","mean_alzheimer",2936.233333333333
"PRK","mean_parkinsons",876.3333333333334
"PRK","mean_nutritional",21068.533333333333
"PRK","mean_drug_use",265.76666666666665
"PRK","mean_tuberculosis",3549.6
"PRT","mean_meningitis",67.6
"PRT","mean_alzheimer",3922.366666666667
"PRT","mean_parkinsons",891.9333333333333
"PRT","mean_nutritional",127.73333333333333
"PRT","mean_drug_use",57.666666666666664
"PRT","mean_tuberculosis",357.8
"PRY","mean_meningitis",117.56666666666666
"PRY","mean_alzheimer",811.3333333333334
"PRY","mean_parkinsons",133.96666666666667
"PRY","mean_nutritional",227.5
"PRY","mean_drug_use",6.966666666666667
"PRY","mean_tuberculosis",240.9
"PSE","mean_meningitis",61.766666666666666
"PSE","mean_alzheimer",217.13333333333333
"PSE","mean_parkinsons",59.43333333333333
"PSE","mean_nutritional",14.033333333333333
"PSE","mean_drug_use",3.566666666666667
"PSE","mean_tuberculosis",31.2
"QAT","mean_meningitis",4.4
"QAT","mean_alzheimer",17.5
"QAT","mean_parkinsons",8.933333333333334
"QAT","mean_nutritional",1
"QAT","mean_drug_use",3.3
"QAT","mean_tuberculosis",7.566666666666666
"ROU","mean_meningitis",179.86666666666667
"ROU","mean_alzheimer",5627.166666666667
"ROU","mean_parkinsons",1526.7666666666667
"ROU","mean_nutritional",61.36666666666667
"ROU","mean_drug_use",187.96666666666667
"ROU","mean_tuberculosis",1806.1
"RUS","mean_meningitis",2017.3
"RUS","mean_alzheimer",32410.166666666668
"RUS","mean_parkinsons",7878.9
"RUS","mean_nutritional",530.2
"RUS","mean_drug_use",8648.4
"RUS","mean_tuberculosis",17661.766666666666
"RWA","mean_meningitis",1779.4666666666667
"RWA","mean_alzheimer",406.76666666666665
"RWA","mean_parkinsons",98.1
"RWA","mean_nutritional",2528.7
"RWA","mean_drug_use",11.7
"RWA","mean_tuberculosis",6982.433333333333
"SAU","mean_meningitis",215.1
"SAU","mean_alzheimer",1187.3333333333333
"SAU","mean_parkinsons",422.46666666666664
"SAU","mean_nutritional",108.33333333333333
"SAU","mean_drug_use",114.53333333333333
"SAU","mean_tuberculosis",1617.8333333333333
"SDN","mean_meningitis",1733.4666666666667
"SDN","mean_alzheimer",2078.2
"SDN","mean_parkinsons",520.8
"SDN","mean_nutritional",2448.5333333333333
"SDN","mean_drug_use",217.53333333333333
"SDN","mean_tuberculosis",1928.9333333333334
"SEN","mean_meningitis",2368.266666666667
"SEN","mean_alzheimer",770.1333333333333
"SEN","mean_parkinsons",212.06666666666666
"SEN","mean_nutritional",931.2
"SEN","mean_drug_use",12.333333333333334
"SEN","mean_tuberculosis",3944.3333333333335
"SGP","mean_meningitis",12.1
"SGP","mean_alzheimer",685.5
"SGP","mean_parkinsons",128.1
"SGP","mean_nutritional",1.3
"SGP","mean_drug_use",8.733333333333333
"SGP","mean_tuberculosis",86.16666666666667
"SLB","mean_meningitis",22.333333333333332
"SLB","mean_alzheimer",14.366666666666667
"SLB","mean_parkinsons",13.9
"SLB","mean_nutritional",33.1
"SLB","mean_drug_use",2.6666666666666665
"SLB","mean_tuberculosis",44.06666666666667
"SLE","mean_meningitis",2180.6
"SLE","mean_alzheimer",347.1666666666667
"SLE","mean_parkinsons",99
"SLE","mean_nutritional",1975.4666666666667
"SLE","mean_drug_use",5.7
"SLE","mean_tuberculosis",2790.4333333333334
"SLV","mean_meningitis",95.43333333333334
"SLV","mean_alzheimer",1131.9
"SLV","mean_parkinsons",199.5
"SLV","mean_nutritional",325.3666666666667
"SLV","mean_drug_use",8.233333333333333
"SLV","mean_tuberculosis",169
"SMR","mean_meningitis",0
"SMR","mean_alzheimer",12.8
"SMR","mean_parkinsons",1.7666666666666666
"SMR","mean_nutritional",0
"SMR","mean_drug_use",0
"SMR","mean_tuberculosis",0
"SOM","mean_meningitis",3491.3
"SOM","mean_alzheimer",286.43333333333334
"SOM","mean_parkinsons",84
"SOM","mean_nutritional",8526.233333333334
"SOM","mean_drug_use",12.466666666666667
"SOM","mean_tuberculosis",15601.033333333333
"SRB","mean_meningitis",49.7
"SRB","mean_alzheimer",1943.3
"SRB","mean_parkinsons",645.7
"SRB","mean_nutritional",17.366666666666667
"SRB","mean_drug_use",53.666666666666664
"SRB","mean_tuberculosis",285.8333333333333
"SSD","mean_meningitis",2336.9
"SSD","mean_alzheimer",362.7
"SSD","mean_parkinsons",81.1
"SSD","mean_nutritional",5561.633333333333
"SSD","mean_drug_use",7.4
"SSD","mean_tuberculosis",4736.466666666666
"STP","mean_meningitis",8.7
"STP","mean_alzheimer",11.5
"STP","mean_parkinsons",3.533333333333333
"STP","mean_nutritional",17.266666666666666
"STP","mean_drug_use",0.3333333333333333
"STP","mean_tuberculosis",25.7
"SUR","mean_meningitis",10.833333333333334
"SUR","mean_alzheimer",69.23333333333333
"SUR","mean_parkinsons",14.633333333333333
"SUR","mean_nutritional",17.433333333333334
"SUR","mean_drug_use",2.433333333333333
"SUR","mean_tuberculosis",11.566666666666666
"SVK","mean_meningitis",28.933333333333334
"SVK","mean_alzheimer",1459.9333333333334
"SVK","mean_parkinsons",307.2
"SVK","mean_nutritional",7.466666666666667
"SVK","mean_drug_use",31.733333333333334
"SVK","mean_tuberculosis",61.03333333333333
"SVN","mean_meningitis",9.3
"SVN","mean_alzheimer",803.7
"SVN","mean_parkinsons",152.13333333333333
"SVN","mean_nutritional",3.066666666666667
"SVN","mean_drug_use",19.566666666666666
"SVN","mean_tuberculosis",25.166666666666668
"SWE","mean_meningitis",38.56666666666667
"SWE","mean_alzheimer",4911.333333333333
"SWE","mean_parkinsons",1051.6
"SWE","mean_nutritional",97.3
"SWE","mean_drug_use",256.8666666666667
"SWE","mean_tuberculosis",133.33333333333334
"SWZ","mean_meningitis",99.6
"SWZ","mean_alzheimer",39.3
"SWZ","mean_parkinsons",12.066666666666666
"SWZ","mean_nutritional",129.86666666666667
"SWZ","mean_drug_use",3.3333333333333335
"SWZ","mean_tuberculosis",788.6666666666666
"SYC","mean_meningitis",4
"SYC","mean_alzheimer",14.866666666666667
"SYC","mean_parkinsons",4.733333333333333
"SYC","mean_nutritional",2.2
"SYC","mean_drug_use",0.8
"SYC","mean_tuberculosis",4.833333333333333
"SYR","mean_meningitis",465.46666666666664
"SYR","mean_alzheimer",1063.7333333333333
"SYR","mean_parkinsons",284.8666666666667
"SYR","mean_nutritional",186.83333333333334
"SYR","mean_drug_use",106.2
"SYR","mean_tuberculosis",132.5
"TCD","mean_meningitis",3884.3
"TCD","mean_alzheimer",519.2333333333333
"TCD","mean_parkinsons",150.63333333333333
"TCD","mean_nutritional",4165.1
"TCD","mean_drug_use",8.233333333333333
"TCD","mean_tuberculosis",6539.366666666667
"TGO","mean_meningitis",895.1666666666666
"TGO","mean_alzheimer",237.9
"TGO","mean_parkinsons",65.5
"TGO","mean_nutritional",513.8
"TGO","mean_drug_use",9.366666666666667
"TGO","mean_tuberculosis",2066.9666666666667
"THA","mean_meningitis",1245.7333333333333
"THA","mean_alzheimer",11193.466666666667
"THA","mean_parkinsons",2329
"THA","mean_nutritional",1071.3333333333333
"THA","mean_drug_use",411.3
"THA","mean_tuberculosis",10350.233333333334
"TJK","mean_meningitis",347.7
"TJK","mean_alzheimer",528.1333333333333
"TJK","mean_parkinsons",183.23333333333332
"TJK","mean_nutritional",117
"TJK","mean_drug_use",17.666666666666668
"TJK","mean_tuberculosis",740.5
"TKL","mean_meningitis",0
"TKL","mean_alzheimer",0
"TKL","mean_parkinsons",0
"TKL","mean_nutritional",0
"TKL","mean_drug_use",0
"TKL","mean_tuberculosis",0
"TKM","mean_meningitis",115.53333333333333
"TKM","mean_alzheimer",369.6333333333333
"TKM","mean_parkinsons",70.33333333333333
"TKM","mean_nutritional",21.933333333333334
"TKM","mean_drug_use",35.4
"TKM","mean_tuberculosis",600.3333333333334
"TLS","mean_meningitis",54.93333333333333
"TLS","mean_alzheimer",53.833333333333336
"TLS","mean_parkinsons",15.366666666666667
"TLS","mean_nutritional",207.53333333333333
"TLS","mean_drug_use",1.1333333333333333
"TLS","mean_tuberculosis",331.2
"TON","mean_meningitis",7.133333333333334
"TON","mean_alzheimer",13.4
"TON","mean_parkinsons",4.166666666666667
"TON","mean_nutritional",4
"TON","mean_drug_use",0
"TON","mean_tuberculosis",6.066666666666666
"TTO","mean_meningitis",22
"TTO","mean_alzheimer",215.56666666666666
"TTO","mean_parkinsons",49.03333333333333
"TTO","mean_nutritional",31.8
"TTO","mean_drug_use",5.6
"TTO","mean_tuberculosis",24.6
"TUN","mean_meningitis",129.33333333333334
"TUN","mean_alzheimer",1534.6666666666667
"TUN","mean_parkinsons",311.93333333333334
"TUN","mean_nutritional",35.233333333333334
"TUN","mean_drug_use",99.6
"TUN","mean_tuberculosis",158
"TUR","mean_meningitis",1090.3333333333333
"TUR","mean_alzheimer",12484.933333333332
"TUR","mean_parkinsons",2391.766666666667
"TUR","mean_nutritional",818.6333333333333
"TUR","mean_drug_use",174.83333333333334
"TUR","mean_tuberculosis",2183.6666666666665
"TUV","mean_meningitis",0.16666666666666666
"TUV","mean_alzheimer",1.1666666666666667
"TUV","mean_parkinsons",1
"TUV","mean_nutritional",0.4666666666666667
"TUV","mean_drug_use",0
"TUV","mean_tuberculosis",1.5333333333333334
"TWN","mean_meningitis",154.9
"TWN","mean_alzheimer",4560.266666666666
"TWN","mean_parkinsons",1206.2333333333333
"TWN","mean_nutritional",140.83333333333334
"TWN","mean_drug_use",293.8666666666667
"TWN","mean_tuberculosis",1451.1666666666667
"TZA","mean_meningitis",4882.966666666666
"TZA","mean_alzheimer",2230.133333333333
"TZA","mean_parkinsons",479.7
"TZA","mean_nutritional",10685.133333333333
"TZA","mean_drug_use",95.16666666666667
"TZA","mean_tuberculosis",21283.866666666665
"UGA","mean_meningitis",5998.066666666667
"UGA","mean_alzheimer",1138.5
"UGA","mean_parkinsons",274.26666666666665
"UGA","mean_nutritional",6394.333333333333
"UGA","mean_drug_use",26.166666666666668
"UGA","mean_tuberculosis",16376.4
"UKR","mean_meningitis",588.5
"UKR","mean_alzheimer",12326.666666666666
"UKR","mean_parkinsons",3119.6
"UKR","mean_nutritional",263.1666666666667
"UKR","mean_drug_use",1510.9333333333334
"UKR","mean_tuberculosis",4883.733333333334
"URY","mean_meningitis",46.63333333333333
"URY","mean_alzheimer",1106.6333333333334
"URY","mean_parkinsons",277.8666666666667
"URY","mean_nutritional",106.73333333333333
"URY","mean_drug_use",9.2
"URY","mean_tuberculosis",88.8
"USA","mean_meningitis",1334.4
"USA","mean_alzheimer",110086.96666666666
"USA","mean_parkinsons",22042.933333333334
"USA","mean_nutritional",4434.8
"USA","mean_drug_use",26693.266666666666
"USA","mean_tuberculosis",1270.9
"UZB","mean_meningitis",555.8
"UZB","mean_alzheimer",1375.5
"UZB","mean_parkinsons",454.43333333333334
"UZB","mean_nutritional",116.56666666666666
"UZB","mean_drug_use",115.2
"UZB","mean_tuberculosis",3167.8333333333335
"VCT","mean_meningitis",2.2333333333333334
"VCT","mean_alzheimer",16.8
"VCT","mean_parkinsons",4.5
"VCT","mean_nutritional",8.333333333333334
"VCT","mean_drug_use",0
"VCT","mean_tuberculosis",3.3666666666666667
"VEN","mean_meningitis",387.1666666666667
"VEN","mean_alzheimer",3624.5
"VEN","mean_parkinsons",619.1
"VEN","mean_nutritional",751.8
"VEN","mean_drug_use",55.46666666666667
"VEN","mean_tuberculosis",785.6
"VIR","mean_meningitis",0.43333333333333335
"VIR","mean_alzheimer",19.633333333333333
"VIR","mean_parkinsons",8.666666666666666
"VIR","mean_nutritional",3.2333333333333334
"VIR","mean_drug_use",2.3
"VIR","mean_tuberculosis",1
"VNM","mean_meningitis",1285.3
"VNM","mean_alzheimer",12312.1
"VNM","mean_parkinsons",2777.4
"VNM","mean_nutritional",1620.4333333333334
"VNM","mean_drug_use",665.3
"VNM","mean_tuberculosis",24322.766666666666
"VUT","mean_meningitis",6.366666666666666
"VUT","mean_alzheimer",11.033333333333333
"VUT","mean_parkinsons",7.566666666666666
"VUT","mean_nutritional",12.033333333333333
"VUT","mean_drug_use",0.9333333333333333
"VUT","mean_tuberculosis",35.7
"WSM","mean_meningitis",3.1
"WSM","mean_alzheimer",21.266666666666666
"WSM","mean_parkinsons",8.3
"WSM","mean_nutritional",4.366666666666666
"WSM","mean_drug_use",1
"WSM","mean_tuberculosis",15.166666666666666
"YEM","mean_meningitis",703.1666666666666
"YEM","mean_alzheimer",1034.8333333333333
"YEM","mean_parkinsons",239.6
"YEM","mean_nutritional",2297.9666666666667
"YEM","mean_drug_use",123.93333333333334
"YEM","mean_tuberculosis",1082
"ZAF","mean_meningitis",2663.2
"ZAF","mean_alzheimer",4728.066666666667
"ZAF","mean_parkinsons",976.0333333333333
"ZAF","mean_nutritional",3143.8333333333335
"ZAF","mean_drug_use",247.13333333333333
"ZAF","mean_tuberculosis",26326.2
"ZMB","mean_meningitis",3296.2
"ZMB","mean_alzheimer",449.1
"ZMB","mean_parkinsons",135.13333333333333
"ZMB","mean_nutritional",3197.1
"ZMB","mean_drug_use",31.1
"ZMB","mean_tuberculosis",9179.7
"ZWE","mean_meningitis",1374.6
"ZWE","mean_alzheimer",667.2333333333333
"ZWE","mean_parkinsons",192.13333333333333
"ZWE","mean_nutritional",2224.1
"ZWE","mean_drug_use",75.7
"ZWE","mean_tuberculosis",9128.133333333333
